SMILES,Name,PC1,PC2,PC3,PC4,PC5
CC(Cl)(Cl)Cl,"1,1,1-Trichloroethane",3.00518,-4.57856,-1.29164,0.547217,1.42287
CN(C(=O)N(C)C)C,"TMU [1,1,3,3-Tetramethylurea]",-6.42158,11.3027,-2.69706,-2.76249,-2.13088
CC(Cl)Cl,"1,1-Dichloroethane",0.884069,-5.24096,-1.47983,0.228239,2.12883
ClC(=C)Cl,"1,1-Dichloroethene",1.42072,-6.41141,-1.7826,-0.47086,1.38552
NCCN,"1,2-Diaminoethane",-8.92429,4.69006,-3.0658,-1.42983,-3.29467
Clc1ccccc1Cl,"1,2-Dichlorobenzene",3.6549,-2.17616,-0.77478,4.76397,0.167424
ClCCCl,"1,2-Dichloroethane",0.449577,-4.90128,-1.44113,1.87061,2.20725
COCCOC,"Glyme [DME or 1,2-Dimethoxyethane]",-1.35871,0.467472,-2.50771,-2.67093,-0.395857
OCCO,"Ethylene Glycol [1,2-Ethanediol]",-10.7101,-1.88606,4.37327,1.45192,-1.03437
Cc1cc(C)cc(c1)C,"Mesitylene [1,3,5-Trimethylbenzene]",6.6148,-0.578672,0.341697,1.36373,-1.84522
Cc1ccc(cc1)C,p-Xylene,5.74192,-2.2148,0.0354025,1.34743,-1.99868
O1CCOCC1,"1,4-Dioxane",-0.886957,0.203646,-1.94311,-1.54976,-1.13652
O=C1CCCN1C,NMP [N-Methylpyrrolidone],-3.90132,3.34375,-2.98889,0.763989,-0.161558
CC(C(=O)C(C)C)C,"2,4-Dimethyl-3-pentanone [Diisopropyl ketone]",1.79938,0.750799,-1.22962,-0.884622,0.143899
CC(CC(=O)CC(C)C)C,"2,6-Dimethyl-4-heptanone [Diisobutyl ketone]",4.08788,2.17254,0.294017,-0.607983,0.518781
NCCO,Ethanolamine [2-Aminoethanol],-8.38199,0.423377,-0.393555,1.23633,-0.977211
COCCO,Methyl Cellosolve [2-Methoxyethanol],-5.28528,-0.863147,0.149651,-1.06035,-0.461615
CCCC(C)C,iso-Hexane [2-Methylpentane],5.20913,-4.80332,-0.205914,-3.23107,-0.158737
CC1CCCO1,2-Methyltetrahydrofuran [2-MeTHF],2.05009,2.48903,-4.41974,2.44756,-10.5634
CCC(O)(C)C,tert-Amyl Alcohol [2-Methylbutan-2-ol],-2.39071,-0.731133,1.32996,-1.71282,-0.879646
OCC(C)C,iso-Butanol [2-Methylpropan-1-ol],-3.71432,-2.35607,1.93132,-1.47421,-0.774119
CC(O)(C)C,tert-Butanol [2-Methylpropan-2-ol],-3.74469,-1.25846,1.14292,-2.39924,-1.15615
CC(=O)C(C)(C)C,"3,3-Dimethyl-2-butanone [MTBK]",0.296798,0.437413,-1.87148,-1.47586,0.244384
CC(=O)C(C)C,"3-Methyl-2-butanone [MIPK, Methyl isopropyl ketone]",-0.823085,-0.410889,-2.49464,-1.34788,0.22587
OCCC(C)C,3-Methylbutan-1-ol,-3.26716,-0.943897,2.59167,-1.21117,-0.848406
CC(CC(=O)C)C,MIBK [Methyl iso-Butyl Ketone or 4-Methyl-2-pentanone],0.593996,0.332404,-1.82072,-1.2971,0.464529
CC(=O)O,Acetic Acid,-7.9189,-4.82223,4.6104,-0.483395,-0.842599
CC(=O)OC(=O)C,Acetic Anhydride,-1.54504,-0.744288,-1.6852,0.566744,2.8611
CC(=O)C,Acetone,-3.04341,-1.91259,-3.56567,-1.794,0.596176
CC#N,Acetonitrile,-4.65106,-4.74864,-3.28165,-0.304043,4.2989
CC(=O)c1ccccc1,Acetophenone,1.0484,1.97867,-1.09144,4.02949,0.785961
Nc1ccccc1,Aniline,-1.5456,-1.12968,1.48888,5.54665,-2.26104
COc1ccccc1,Anisole,3.0188,-1.34203,-0.886833,2.91594,-1.1059
c1ccccc1,Benzene,3.24748,-4.79837,-1.63234,1.17202,-1.55152
N#Cc1ccccc1,Benzonitrile,0.383056,-0.366777,-2.01768,4.56559,1.60245
FC(c1ccccc1)(F)F,Benzotrifluoride,3.26364,-2.50062,-0.738734,0.416847,1.12556
OCc1ccccc1,Benzyl alcohol,-2.44614,0.894494,3.6268,3.67887,-1.23662
Brc1ccccc1,Bromobenzene,3.46371,-2.76354,-0.981335,4.37912,-0.458873
CCCCO,Butan-1-ol,-4.22827,-1.69267,2.20752,-1.65375,-1.08503
CCC(O)C,Butan-2-ol,-3.59319,-1.74486,1.17917,-1.69234,-0.837775
CCC(=O)C,Butanone [MEK],-1.47901,-1.118,-3.00926,-1.40615,0.410937
CCCC#N,Butyronitrile,-1.60149,-2.07822,-1.82494,-0.863574,3.80822
S=C=S,Carbon Disulfide,2.09631,-7.05012,-3.08796,3.13969,-2.90962
Clc1ccccc1,Chlorobenzene,3.29928,-3.34009,-1.28965,3.35378,-0.371296
ClC(Cl)Cl,Chloroform,0.447314,-6.55056,0.116041,0.956611,0.384643
C1CCC2C(C1)CCCC2,cis-Decalin,8.12087,-2.29608,1.35479,0.446118,-1.00533
C1CCCCC1,Cyclohexane,5.47872,-5.68202,-0.565812,-2.17757,-0.638723
OC1CCCCC1,Cyclohexanol,-2.46101,-0.080649,1.6858,0.322257,-1.37208
O=C1CCCCC1,Cyclohexanone,-0.553952,0.643086,-2.59907,0.59781,-0.259915
COC1CCCC1,CPME [Cyclopentyl Methyl Ether],1.56217,-1.2353,-1.75856,-1.75934,-1.09553
CCCCCCCCCC,Decane,9.43312,-1.6408,2.77792,-2.18634,0.270926
ClCCl,DCM [Dichloromethane],-0.6554,-6.54068,-1.33663,1.27833,1.99856
CCOCC,Diethyl Ether [Ether],0.74113,-2.09667,-2.27144,-3.98644,-0.843687
CCNCC,Diethylamine,-0.678531,0.0716492,-2.33878,-3.4117,-3.08979
CCOC(=O)OCC,Diethyl Carbonate,1.593,-0.540137,-0.641984,-2.3487,1.28387
OCCOCCO,Diethylene Glycol,-7.96058,2.82674,3.45365,0.601903,-0.443717
CCOCCOCCOCC,Diethyleneglycol diethyl ether,0.844019,7.20545,0.165157,-2.46977,-0.429913
COCCOCCOC,Diglyme [Diethyleneglycol dimethyl ether],-0.771327,5.44963,-0.996489,-2.44881,-0.397098
ICI,DiIodomethane,1.29514,-3.46526,-1.53425,8.56989,-1.40893
CC(OC(C)C)C,Di-isopropylether,2.44956,-0.273683,-1.01215,-3.40894,-0.903594
CS(=O)C,DMSO [Dimethylsulfoxide],-7.15801,4.00531,-3.9992,2.58802,0.563683
CCCCOCCCC,Di-n-butylether,4.69166,1.20323,0.674212,-2.76048,-0.416863
CCCOCCC,Di-n-propylether,2.69426,-0.662813,-0.844698,-3.21789,-0.680355
c1ccc(cc1)Oc1ccccc1,Diphenyl Ether,7.94995,2.60568,2.347,6.40646,-0.595509
CCO,Ethanol,-6.8371,-3.676,1.11638,-2.0345,-0.948893
CCOC(=O)C,Ethyl Acetate,-0.649342,-1.50367,-2.24681,-2.20261,1.0132
CCOc1ccccc1,Ethoxybenzene [phenetole],4.30035,-0.519954,-0.26524,2.68989,-0.925248
Fc1ccccc1,Fluorobenzene,2.40627,-4.13794,-1.66597,1.61796,-0.0898876
NC=O,Formamide,-13.7832,-2.50553,3.64239,3.55785,0.413777
OC=O,Formic Acid,-9.78236,-7.30311,5.73192,-0.0614243,-0.788483
OCC(CO)O,Glycerol,-11.292,1.48289,5.82824,3.09155,-0.187772
CN(P(=O)(N(C)C)N(C)C)C,HMPA,-1.45993,9.77762,-1.00489,-0.144358,-1.27009
Ic1ccccc1,Iodobenzene,3.78768,-2.05131,-0.937117,5.83917,-0.898518
CC(COC(=O)C)C,iso-Butyl Acetate,1.326,0.124708,-0.885963,-2.02613,1.2386
CC(OC(=O)C)C,iso-Propyl Acetate,0.187871,-0.7808,-1.56879,-2.27746,1.01566
CO,Methanol,-8.72651,-5.31265,1.25112,-1.85931,-0.620266
COC(=O)C,Methyl Acetate,-1.73145,-2.54602,-2.8433,-2.06339,1.13524
C1CNCCO1,Morpholine,-3.90904,2.31485,-2.69152,-0.611439,-2.284
CC(=O)N(C)C,"DMA [N,N-Dimethylacetamide]",-4.29237,3.02392,-3.37915,0.545871,0.145789
O=CN(C)C,"DMF [N,N-Dimethylformamide]",-5.08112,1.55541,-3.71763,0.752001,0.599084
CCCCOC(=O)C,n-Butyl Acetate,1.58361,0.124714,-0.800722,-1.90324,1.18449
CCCCCCC,n-Heptane,7.46235,-4.17338,1.01039,-3.17418,0.0714986
CCCCCC,n-Hexane,6.4397,-5.23461,0.186644,-3.68334,0.00238809
O=N(=O)c1ccccc1,Nitrobenzene,0.852347,-0.723091,-1.52101,5.54315,2.8035
CN(=O)=O,Nitromethane,-3.83989,-4.70756,-2.58611,1.87302,4.25859
CNC(=O)C,N-Methylacetamide,-8.30638,1.58203,0.645811,1.01107,-0.217258
CNC=O,N-Methylformamide,-9.69134,-0.0557008,0.679486,1.61295,-0.157919
CCCCCCCCC,n-Nonane,8.70082,-2.25706,2.09121,-2.23023,-0.123578
CCCCCCCC,n-Octane,7.84404,-3.28431,1.46227,-2.66848,0.0377296
CCCCC,n-Pentane,5.35467,-6.00755,-0.446493,-4.01826,0.0227278
CCCCCO,Pentan-1-ol,-2.7643,-0.852872,2.81625,-1.09108,-0.869124
CCCC(O)C,Pentan-2-ol,-2.12084,-0.75189,1.81988,-1.32716,-0.562897
CCCC(=O)C,Pentan-2-one,-0.879225,-0.170172,-2.3115,-1.46341,0.431732
CCC(CC)O,Pentan-3-ol,-2.01188,-1.30853,1.4764,-1.38071,-0.752789
CCC(=O)CC,Pentan-3-one,-0.498106,-0.435308,-2.16,-1.21806,0.4441
C1CCCNC1,Piperidine,-1.37124,0.700927,-2.20144,-1.16237,-3.4166
CCCO,Propan-1-ol,-5.4197,-2.98999,1.68422,-1.62393,-0.968217
CC(O)C,IPA [Propan-2-ol],-5.26444,-2.31088,0.99332,-2.39862,-1.19069
CCC(=O)O,Propanoic Acid,-6.78461,-3.76353,5.55202,-0.586068,-0.964241
CCC#N,Proprionitrile,-3.09698,-3.69138,-3.05049,-0.631003,3.69693
c1cccnc1,Pyridine,-2.33832,-0.618091,-3.00425,1.64005,-0.645808
c1ccc2c(c1)nccc2,Quinoline,0.997698,2.88115,-1.02765,5.82588,-1.51367
O=S1(=O)CCCC1,Sulfolane,-3.9622,2.33569,-1.90485,3.56636,3.50714
COC(C)(C)C,MTBE [tert-Butylmethylether],0.922674,-1.18203,-2.01444,-2.98548,-0.762469
ClC(=C(Cl)Cl)Cl,Tetrachloroethene,4.49867,-4.64387,-1.05374,1.25923,-1.60111
ClC(Cl)(Cl)Cl,Tetrachloromethane [Carbon Tetrachloride],4.51663,-5.58486,-1.10445,-0.143139,-0.045966
OCCOCCOCCOCCO,Tetraethylene glycol,-1.86972,10.5113,0.644045,0.341486,1.12206
C1CCCO1,THF [Tetrahydrofuran],-1.51934,-1.85536,-3.24116,-1.75699,-1.23666
C1CCc2c(C1)cccc2,Tetralin,6.31115,-1.16539,0.4776,2.81458,-1.74873
Cc1ccccc1,Toluene,4.15092,-3.70436,-1.08688,0.97639,-1.41892
CCCCN(CCCC)CCCC,Tributylamine,9.03947,4.80875,2.88702,-2.02983,-2.92386
ClC=C(Cl)Cl,Trichloroethene,3.00563,-4.40146,-0.449743,1.31188,-0.778767
CCN(CC)CC,Triethylamine,2.84839,0.21611,-1.415,-3.48401,-3.6093
OCCOCCOCCO,Triethylene Glycol,-4.18826,6.54135,0.427493,0.629685,0.986734
COCCOCCOCCOC,Triglyme [Triethyleneglycol dimethyl ether],-0.755174,9.92438,0.053861,-2.46073,-0.138356
O,Water,-17.1145,-8.80606,5.56077,0.126051,0.604298
CN(c1ccccc1)C,"N,N-Dimethylaniline",3.73842,-0.300555,-0.976462,4.21466,-2.21541
CC1CCCCC1,Methylcyclohexane,5.91508,-4.51144,0.00220696,-1.81105,-0.995321
O=C1N(C)CCCN1C,"DMPU [1,3-dimethyltetrahydropyrimidin-2(1H)-one]",-2.43265,4.88751,-2.09733,1.46339,-1.0033
CN1CCN(C1=O)C,"DMI [1,3-dimethylimidazolidin-2-one]",-2.28264,3.8017,-2.0342,1.25428,-0.365918
CCN1CCCC1=O,NEP [1-Ethylpyrrolidin-2-one],-3.57425,3.20311,-2.75034,-1.02615,-0.327646
CCC(OC)(C)C,TAME [tert-amyl methyl ether],2.63178,-1.01574,-1.22264,-2.52185,-0.976246
C1OCCO1,"1,3-Dioxolane",-2.90482,-2.5993,-2.99917,-1.09752,-0.102012
CCOC(=O)C(O)C,Ethyl Lactate,-1.7406,0.8075,-0.364763,-0.350021,1.82471
COCC(OC)C,"1,2-Dimethoxypropane",-0.912612,1.09046,-2.00441,-2.44695,-0.53803
COCC(O)C,1-Methoxypropan-2-ol,-2.86796,0.209277,-1.13539,-1.44295,0.185015
CC1COC(=O)O1,"Propylene Carbonate [4-Methyl-1,3-dioxolan-2-one]",-3.56352,-0.739374,-2.16803,2.34958,4.65793
COC(=O)OC,Dimethyl Carbonate,-0.567427,-2.58546,-1.60665,-2.29901,1.54198
CO[C@@H]1CO[C@H]2[C@@H]1OC[C@@H]2OC,DMI [Dimethyl isosorbide],-1.02462,7.19679,0.0371237,1.02998,0.753456
COC(OC)(OC)OC,Tetramethoxymethane,1.21158,0.44984,-0.793437,-2.73512,0.336434
OCC(F)(F)F,"2,2,2-Trifluoroethanol",-6.72189,-6.73863,5.76113,0.904505,0.809133
CC1=CC(=O)CC(C1)(C)C,"3,5,5-Trimethylcyclohex-2-enone [Isophorone]",0.23767,4.80323,-1.20272,1.43987,0.162161
CC1CCCCC1=O,2-Methylcyclohexanone,0.496093,1.06345,-1.75776,0.0507666,-0.592298
CCOCCOC(=O)C,2-Ethoxyethyl Acetate,-0.0392702,2.86111,-0.639804,-1.252,1.15176
CCOC(=O)CC(=O)C,"Ethyl 3-oxobutanoate [Ethyl acetoacetate, EAA]",-0.748251,2.35542,-0.696179,0.284149,1.88884
Cc1ccccn1,2-Methylpyridine [2-Picoline],-0.565146,0.672246,-1.96621,1.22144,-1.17457
Cc1cccc(n1)C,"2,6-Dimethylpyridine [2,6-Lutidine]",0.628601,1.89399,-1.38012,0.88065,-1.48847
OCCN(CCO)CCO,Triethanolamine,-7.53647,8.01536,5.12255,1.66281,-2.40286
C1SCCS1,"1,3-Dithiolane",1.96463,-1.62147,-1.88487,5.26654,-1.18131
COS(=O)OC,Dimethyl Sulfite,-0.838404,-1.73469,-2.16002,0.3466,1.7674
O=S1OCCO1,"1,3,2-Dioxathiolane-2-oxide",-1.29881,-2.5432,-1.95029,2.94897,2.74482
Fc1c(F)c(F)c(c(c1F)F)F,Perfluorobenzene,5.31479,-4.04518,0.133389,-0.909938,0.0518703
Fc1c(F)c(F)c(c(c1F)C(F)(F)F)F,"1,2,3,4,5-Pentafluoro-6-(trifluoromethyl)benzene [Perfluorotoluene]",6.29549,-2.97366,0.992833,-0.417502,1.16316
FC12C(F)(C(F)(F)C(C(C2(F)F)(F)F)(F)F)C(F)(F)C(C(C1(F)F)(F)F)(F)F,Perfluorodecalin,10.9205,-1.87484,3.86093,-4.37456,2.31021
Cc1ccc(cc1)C(C)C,p-Cymene,7.23036,-0.931718,1.12616,1.3351,-1.68546
Clc1cccc(c1)Cl,"1,3-Dichlorobenzene",4.74542,-1.67792,0.091056,4.43084,-0.0737213
O=S1CCCC1,Tetrahydrothiophene 1-oxide,-5.21401,4.90404,-2.97795,2.43274,-0.530404
OC(=O)C(F)(F)F,"2,2,2-Trifluoroacetic Acid [TFA]",-9.7908,-7.7192,11.2503,-0.606578,-0.757968
O=C(C(F)(F)F)OC(=O)C(F)(F)F,"2,2,2-trifluoroacetic Anhydride [TFAA]",3.62775,-4.25855,1.75618,-1.59535,5.66695
OC(C(F)(F)F)C(F)(F)F,"1,1,1,3,3,3-Hexafluoropropan-2-ol",-7.26762,-8.20768,11.9645,-1.99806,-0.023481
CN1CCCCCC1=O,1-Methylazepan-2-one [N-Methylcaprolactam],-2.14404,4.21566,-2.4185,0.486245,-0.358426
CCN(S(=O)(=O)N(CC)CC)CC,Tetraethylsulfamide [TES],5.32758,4.98738,1.36201,0.803137,0.624822
CN(P(=O)(N(C)C)C)C,Pentamethyl Phosphonic Diamide,-3.36411,7.79931,-1.93648,-0.679509,-1.17989
COC(OC)(C)C,"2,2-Dimethoxypropane",0.869318,-0.41397,-1.53377,-3.06077,-0.508318
OCC1COC(O1)(C)C,"(2,2-Dimethyl-1,3-dioxolan-4-yl)methanol",-3.37704,2.79453,2.00933,0.16007,-0.215957
CC1=CCC(CC1)C(=C)C,1-Methyl-4-(prop-1-en-2-yl)cyclohex-1-ene [D-Limonene],7.08493,-0.644653,0.563942,1.22877,-1.57243
CC1CCC(=O)O1,5-Methyldihydrofuran-2(3H)-one [gamma-valerolactone],-2.07999,0.986893,-2.05341,1.05551,2.226
C1CCN2C(=NCCC2)CC1,"1,8-Diazabicycloundec-7-ene [DBU]",-1.04243,8.08654,-1.61077,0.424958,-3.57208
CCN(C(C)C)C(C)C,"N-Ethyl-N-isopropylpropan-2-amine [Diispropylethylamine, Hunig's Base]",4.89075,1.16705,-0.455425,-1.07769,-3.28526
Cl/C=C/Cl,"(E)-1,2-Dichloroethene",0.491969,-5.33024,-1.52464,1.85403,0.440174
Cl/C=C\Cl,"(Z)-1,2-Dichloroethene",2.03275,-5.64124,-0.768073,0.930582,-0.665294
OCCOCC,2-Ethoxyethanol,-3.35696,0.0741294,0.0462025,-1.21974,0.0135332
CCCCC(=O)C,"Hexan-2-one [Methylbutylketone, MBK]",0.0768134,0.775803,-1.57643,-1.18064,0.506916
COC=O,Methyl Formate,-2.7394,-4.36315,-2.99058,-2.02339,2.15273
CCOC=O,Ethyl Formate,-1.62046,-3.06415,-2.54326,-2.04004,1.91163
CCCOC=O,Propyl Formate,-0.666575,-2.23499,-1.84201,-1.81675,1.8354
CCCCOC=O,Butyl Formate,0.414017,-1.249,-1.19832,-1.51051,1.88263
COC(=O)CCCCC(=O)OC,Dimethyl Adipate,0.982668,4.73123,0.443937,-0.453124,2.08847
CC(CCOC(=O)C)C,Isopentyl Acetate [Isoamyl acetate],2.31147,0.919083,-0.157217,-1.58837,1.30269
CCCCCCOC(=O)C,Hexyl Acetate,3.31021,1.96907,0.550602,-1.38165,1.38379
CC(=O)OCCOC(=O)C,"Ethane-1,2-diyl diacetate [Ethylene glycol diacetate]",-0.216736,3.40473,-0.0766134,0.349723,2.52044
O=C1CCCO1,Dihydrofuran-2(3H)-one [Butyrolactone],-3.94934,-0.431024,-2.89993,1.62084,2.45143
COC(OC)OC,Trimethoxymethane [Trimethyl orthoformate],-1.02058,0.21178,-1.82886,-2.13549,0.881435
CCOC(OCC)OCC,Triethoxymethane [Triethyl orthoformate],1.62682,2.94909,0.00291251,-2.29583,0.776792
CC1(C)OCCO1,"2,2-Dimethyl-1,3-dioxolane",-0.638182,-0.398033,-2.00906,-1.81581,-0.357442
CC(=O)CC(=O)C,"Pentane-2,4-dione [Acetylacetone]",-1.65035,1.20012,-1.84785,1.25239,1.03791
CCC1CCCCC1,Ethylcyclohexane,6.22973,-3.42371,0.358116,-1.35139,-0.881465
CCCCCC#N,Hexanenitrile,0.64183,-0.827949,-0.863312,-0.339888,3.10634
CCCCCOC(=O)C,n-Pentyl Acetate,2.41815,1.04865,-0.111091,-1.67326,1.35817
CCC(=O)OC,Methyl Propionate,-0.740185,-1.83783,-1.9521,-2.04831,1.17614
CCCC(=O)OC,Methyl Butyrate,0.635703,-0.978522,-1.23137,-1.90409,1.16351
CCCCC(=O)CCCC,5-Nonanone,3.79382,2.87354,0.484912,-0.569989,0.817048
C1Cc2c(C1)cccc2,Indane,4.90998,-2.32791,-0.439322,2.8143,-1.86251
c1ccncn1,Pyrimidine,-3.22157,0.787724,-2.91804,1.95569,0.0193262
c1ccnnc1,Pyridazine,-4.46695,2.3979,-2.69637,3.9672,0.260451
C1CCCC1,Cyclopentane,3.59382,-6.52093,-0.976066,-2.51651,-0.436023
CCCCCCCCCO,1-Nonanol,2.0427,2.62706,5.52872,-0.425519,-0.637282
CCCNCCC,Dipropylamine,1.49333,1.86028,-0.913092,-2.88531,-2.63241
C1CCCN1,Pyrrolidine,-2.93596,0.0810868,-3.08506,-1.34199,-2.92342
CC(=O)CC(O)(C)C,4-Hydroxy-4-methylpentan-2-one,-2.50863,2.98646,-1.32478,-0.110683,1.04734
O=C1CCCC1,Cyclopentanone,-1.5719,-0.379222,-2.98984,0.3005,0.0103344
O=C(c1ccccc1)OCc1ccccc1,Benzyl Benzoate,7.9342,5.18385,3.82671,5.52021,1.3553
CCCCNCCCC,Dibutylamine,2.78726,3.55864,0.532734,-2.19684,-2.25272
CCCCCCCO,1-Heptanol,-0.533689,0.91061,4.09596,-0.810862,-0.774663
N#CCCCCC#N,Hexanedinitrile,-1.80193,2.02169,0.527922,2.07302,4.6739
CCCCCCO,1-Hexanol,-1.71547,0.0633819,3.42011,-0.979458,-0.868482
CCCCCN,n-Pentylamine,-1.64448,1.97658,-1.09956,-2.38677,-1.99034
c1cccs1,Thiophene,1.97354,-4.43191,-1.73699,2.78925,-1.51483
C1CCCS1,Tetrahydrothiophene,0.977991,-2.72708,-2.69631,2.30842,-1.83147
c1ccco1,Furan,1.42377,-5.18831,-2.06609,0.408705,-1.10063
c1ccc[nH]1,Pyrrole,-3.50197,-4.3225,2.46632,3.29681,-2.47776
CCCCN,1-Butylamine,-2.53329,1.25937,-1.86475,-2.90118,-2.33359
CCCOC(=O)C,n-Propyl acetate,0.370835,-0.61374,-1.46604,-2.01997,1.20246
NC1CCCCC1,Cyclohexylamine,-0.864705,2.08926,-1.59741,-1.49475,-2.44565
CC(NC(C)C)C,Diisopropylamine,1.73737,1.13918,-1.37056,-2.87883,-2.66141
[O-][N+](=O)CCC,1-Nitropropane,-0.638764,-2.65281,-1.96557,0.844981,3.29501
CCCC(=O)O,Butyric acid,-4.91685,-2.7986,5.74195,-0.763212,-1.14215
CCCN,n-Propylamine,-3.3769,0.0468865,-2.43398,-2.97691,-2.35763
CCOC(=O)CC,Ethyl propionate,0.538726,-0.939867,-1.48334,-2.28471,1.03072
CCCC(=O)OCC,Ethyl butyrate,1.55145,-0.243731,-0.823583,-1.99333,1.0978
CCCCc1ccccc1,Butylbenzene,7.00782,-0.798998,0.999665,1.92594,-1.08044
CNc1ccccc1,N-Methylaniline,1.63624,-0.955885,0.70064,5.37834,-2.34949
CCNc1ccccc1,N-Ethylaniline,3.12205,-0.191582,0.973793,4.94788,-2.22555
NCc1ccccc1,Benzylamine,-1.06821,2.79804,-0.731378,2.89571,-1.80984
CCc1ccccc1,Ethylbenzene,5.02577,-2.98897,-0.395021,1.19302,-1.4861
CC(c1ccccc1)C,Isopropylbenzene,6.16732,-1.81424,0.487259,1.34341,-1.28758
O=Cc1ccco1,Furfural,-2.31872,0.0679379,-1.77534,4.70834,1.08821
CC1CCCC1,Methylcyclopentane,4.40048,-5.39104,-0.45836,-2.23816,-0.209832
COC(=O)c1ccccc1,Methyl benzoate,2.96534,1.54701,-0.093786,3.36085,0.582095
CC([N+](=O)[O-])C,2-Nitropropane,-0.608593,-2.86582,-1.99477,0.463773,2.89232
ClC(C(Cl)Cl)Cl,"1,1,2,2-Tetrachloroethane",1.24996,-3.99565,2.62537,3.27509,0.920927
CC(C(=O)O)C,Isobutyric acid,-5.52052,-2.82788,6.23079,-1.0606,-1.43987
[O-][N+](=O)CC,Nitroethane,-2.14468,-3.62892,-2.68811,1.23438,3.63157
ClCC(Cl)Cl,"1,1,2-Trichloroethane",1.00541,-3.95074,0.821477,2.90385,2.20218
NCC(C)C,2-Methyl-1-propanamine [Isobutylamine],-2.57898,0.866665,-2.17958,-2.79232,-2.0124
ClC(C(Cl)(Cl)Cl)Cl,Pentachloroethane,3.2415,-3.4936,2.23427,2.37733,0.485803
CC(N)(C)C,2-Amino-2-methylpropane [tert-Butylamine],-2.57619,1.22966,-2.56097,-3.56882,-2.37864
CC(N)C,Isopropylamine,-3.97711,0.357103,-2.88464,-3.61627,-2.26472
OCC(O)C,Propylene Glycol,-8.82701,-0.147285,3.8777,0.751989,-0.726892
C1CCCOC1,Tetrahydropyran,-0.12567,-1.52095,-2.62929,-1.72474,-1.15191
CC(=O)OCC(OC(=O)C)C,"1,2-Diacetoxypropane",0.930551,3.81141,0.543572,-0.460096,2.31403
COCC(OCC(OC)C)C,2-Methoxy-1-[(1-methoxy-2-propanyl)oxy]propane [Propylene Glycol Dimethyl Ether],1.26165,4.99314,-0.038045,-1.62979,-0.417405
O=C1CC[C@@H]2O[C@H]1OC2,Dihydrolevoglucosenone (Cyrene),-14.1574,15.4967,-3.0099,4.36439,2.3627
FC(Oc1ccccc1)(F)F,(Trifluoromethoxy)benzene [Trifluoromethylphenyl ether],5.24751,-2.66385,0.336053,0.731527,0.321168
CN1CCOCC1,N-methylmorpholine [NNM],-1.17593,1.35871,-2.56019,-1.10662,-2.0975
OCC1CCC(CC1)C,4-Methylcyclohexanemethanol [MCHM],-0.759562,0.509233,3.6884,-0.341782,-1.04533
C[Si](O[Si](C)(C)C)(C)C,Hexamethyldisiloxane [M2],8.22926,-0.0692801,1.69204,-1.48188,-0.018951
C[Si](O[Si](C)(C)C)(O[Si](C)(C)C)C,Octamethyltrisiloxane [MDM],11.0181,2.66874,4.05506,-0.947221,0.305732
C[Si](O[Si](C)(C)C)(O[Si](O[Si](C)(C)C)(C)C)C,Decamethyltetrasiloxane [MD2M],14.593,5.71566,6.6462,-0.567117,0.952821
C[Si]1(C)O[Si](C)(C)O[Si](O[Si](O1)(C)C)(C)C,Octamethylcyclotetrasiloxane [D4],12.1781,5.31867,5.12363,-0.402146,1.00867
C[Si]1(C)O[Si](C)(C)O[Si](C)(C)O[Si](O[Si](O1)(C)C)(C)C,Decamethylcyclopentasiloxane [D5],15.681,8.59344,7.9334,0.83998,2.07318
CCCCOCCOCCO,Butyl Carbitol [2-[2-(Butyloxy)ethoxy]ethanol],-0.743199,3.67786,3.1728,-4.10058,5.58374
CCCCCCOCCOCCO,Hexyl Carbitol [2-[2-(Hexyloxy)ethoxy]ethanol],1.51749,7.50988,3.28973,-0.49155,1.04222
COCCOCCO,Methyl Carbitol [2-[2-(Methoxy)ethoxy]ethanol],-2.86983,3.66759,-0.0660459,-1.06358,-0.431207
OCCOCCOCC,Carbitol [2-(2-ethoxyethoxy)ethanol],-2.04393,4.57115,0.400268,-1.17734,-0.195925
CCCCOCCOCCOC(=O)C,Butyl Carbitol Acetate [2-(2-Butoxyethoxy)ethyl acetate],3.63892,7.71894,2.21787,-0.415515,1.74205
CCCOCCO,Propyl Cellosolve [2-Propoxyethanol],-2.62005,0.870106,0.492484,-1.29295,-0.0183773
CCCCOCCOC(=O)C,Butyl Cellosolve Acetate,2.37524,4.24022,0.7754,-0.908827,1.39509
CCCCOCCO,Butyl Cellosolve [Ethylene glycol monobutyl ether],-1.24016,1.79808,1.22264,-1.07427,0.209733
CCCOCC(OCC(O)C)C,DPnP Glycol Ether [1-(1-propoxypropan-2-yloxy)propan-2-ol],1.13119,6.82277,0.803624,-1.6561,0.398027
OCCOc1ccccc1,EPh Glycol Ether [2-phenoxyethanol],-1.42132,2.28022,3.93606,4.14949,-1.05192
COCC(OC(=O)C)C,PMA Glycol Ether [1-methoxy-2-propanol acetate],-0.669863,1.83572,-1.85387,4.56854,0.434328
CC(=O)OCC(OC(=O)C)C,PGDA Glycol Ether [Propylene glycol diacetate],0.386778,3.77853,0.2427,-0.306994,2.03981
COCC(O)C,PM Glycol Ether [1-Methoxy-2-propanol],-2.76111,-0.0234369,-0.718538,-1.3665,0.0397147
CCCCOCC(O)C,PnB Glycol Ether [3-Butoxypropan-2-ol],0.978998,2.33226,0.14015,-1.38571,0.452169
CCCOCC(O)C,PnP Glycol Ether [1-Propoxy-2-propanol],-0.48314,1.59821,-0.21765,-1.38936,0.206216
CC(COc1ccccc1)O,PPh Glycol Ether [Propylene glycol phenyl ether],0.267422,2.80977,3.35628,4.0458,-0.798908
COCC(OCC(OCC(O)C)C)C,TPM Glycol Ether [Tripropylene glycol methyl ether],1.57178,9.42668,1.45753,-0.908463,0.824127
CCCCOCC(OCC(OCC(O)C)C)C,TPnB Glycol Ether [Tripropylene glycol n-butyl ether],4.77199,10.9534,3.7886,-0.925717,1.20125
COCC(OCC(O)C)C,DPM Glycol Ether [Dipropylene glycol methyl ether],-0.725119,5.01033,-0.563842,-1.54975,0.326459
COCC(OCC(OC(=O)C)C)C,DPMA Glycol Ether [Dipropylene glycol methyl ether acetate],3.09955,5.81533,1.21997,-0.913607,0.771386
CCCCOCC(OCC(O)C)C,DPnB Glycol Ether [Dipropylene glycol n-butyl ether],2.40804,7.4026,1.63708,-1.40445,0.605032
CCCCC(CO)CC,2-Ethylhexanol,0.993743,1.28492,4.38946,-0.582807,-0.597953
CCC(CO)C,2-Methyl Butanol,-1.99901,-1.19087,2.53451,-1.6474,-1.3244
CC(CC(O)C)C,Methyl Isobutyl Carbinol,-1.32958,-0.0646447,2.43219,-1.24635,-0.37168
CCCOC(=O)CC,n-Propyl Propionate,4.5603,4.05439,1.8311,-0.679045,0.656823
CCOCCC(=O)OCC,Ethyl 3-Ethoxypropionate,1.97897,-0.0824705,0.203245,-2.74958,1.68665
CC(C(=O)OCC(C(C(C)C)O)(C)C)C,"2,2,4-Trimethyl-1,3-pentanediol 1-isobutyrate",1.55829,3.62398,0.502074,-0.183229,1.15012
CCCCCOC(=O)CC,n-Pentyl Propionate,3.43772,1.30668,0.498072,-1.69732,1.15883
CCCCOCCOCCOCCO,"Butoxytriglycol [3,6,9-Trioxatridecan-1-ol]",-0.397931,10.5469,3.24714,-1.54218,1.67661
COCC(OCC(OC)C)C,Dipropylene Glycol Dimethyl Ether,1.33946,5.27547,0.0709312,-2.02499,-0.279248
CC(=O)OC(COC(=O)C)COC(=O)C,"Triacetin [1,2,3-triacetoxypropane]",0.478516,8.27183,1.96447,1.5273,4.03999
