inchikey,smiles,name,pc_1,pc_2,pc_3,pc_4,pc_5
UOCLXMDMGBRAIB-UHFFFAOYSA-N,CC(Cl)(Cl)Cl,"1,1,1-Trichloroethane",3.0051799999999997,-4.5785599999999995,-1.29164,0.547217,1.42287
AVQQQNCBBIEMEU-UHFFFAOYSA-N,CN(C)C(=O)N(C)C,"TMU [1,1,3,3-Tetramethylurea]",-6.4215800000000005,11.3027,-2.69706,-2.76249,-2.13088
SCYULBFZEHDVBN-UHFFFAOYSA-N,CC(Cl)Cl,"1,1-Dichloroethane",0.8840690000000001,-5.24096,-1.47983,0.228239,2.12883
LGXVIGDEPROXKC-UHFFFAOYSA-N,C=C(Cl)Cl,"1,1-Dichloroethene",1.42072,-6.41141,-1.7826,-0.47086000000000006,1.38552
PIICEJLVQHRZGT-UHFFFAOYSA-N,NCCN,"1,2-Diaminoethane",-8.92429,4.69006,-3.0658,-1.42983,-3.2946699999999995
RFFLAFLAYFXFSW-UHFFFAOYSA-N,Clc1ccccc1Cl,"1,2-Dichlorobenzene",3.6549,-2.17616,-0.77478,4.76397,0.167424
WSLDOOZREJYCGB-UHFFFAOYSA-N,ClCCCl,"1,2-Dichloroethane",0.44957700000000006,-4.90128,-1.44113,1.8706099999999999,2.20725
XTHFKEDIFFGKHM-UHFFFAOYSA-N,COCCOC,"Glyme [DME or 1,2-Dimethoxyethane]",-1.35871,0.467472,-2.50771,-2.67093,-0.395857
LYCAIKOWRPUZTN-UHFFFAOYSA-N,OCCO,"Ethylene Glycol [1,2-Ethanediol]",-10.7101,-1.8860599999999998,4.37327,1.45192,-1.03437
AUHZEENZYGFFBQ-UHFFFAOYSA-N,Cc1cc(C)cc(C)c1,"Mesitylene [1,3,5-Trimethylbenzene]",6.6148,-0.5786720000000001,0.341697,1.3637299999999999,-1.84522
URLKBWYHVLBVBO-UHFFFAOYSA-N,Cc1ccc(C)cc1,p-Xylene,5.7419199999999995,-2.2148,0.035402499999999996,1.34743,-1.99868
RYHBNJHYFVUHQT-UHFFFAOYSA-N,C1COCCO1,"1,4-Dioxane",-0.886957,0.203646,-1.94311,-1.54976,-1.13652
SECXISVLQFMRJM-UHFFFAOYSA-N,CN1CCCC1=O,NMP [N-Methylpyrrolidone],-3.9013199999999997,3.34375,-2.98889,0.763989,-0.16155799999999998
HXVNBWAKAOHACI-UHFFFAOYSA-N,CC(C)C(=O)C(C)C,"2,4-Dimethyl-3-pentanone [Diisopropyl ketone]",1.79938,0.750799,-1.2296200000000002,-0.8846219999999999,0.143899
PTTPXKJBFFKCEK-UHFFFAOYSA-N,CC(C)CC(=O)CC(C)C,"2,6-Dimethyl-4-heptanone [Diisobutyl ketone]",4.08788,2.17254,0.29401700000000003,-0.6079829999999999,0.518781
HZAXFHJVJLSVMW-UHFFFAOYSA-N,NCCO,Ethanolamine [2-Aminoethanol],-8.38199,0.42337700000000006,-0.39355500000000004,1.23633,-0.977211
XNWFRZJHXBZDAG-UHFFFAOYSA-N,COCCO,Methyl Cellosolve [2-Methoxyethanol],-5.28528,-0.8631469999999999,0.149651,-1.06035,-0.46161499999999994
AFABGHUZZDYHJO-UHFFFAOYSA-N,CCCC(C)C,iso-Hexane [2-Methylpentane],5.20913,-4.803319999999999,-0.20591399999999999,-3.23107,-0.158737
JWUJQDFVADABEY-UHFFFAOYSA-N,CC1CCCO1,2-Methyltetrahydrofuran [2-MeTHF],2.05009,2.48903,-4.41974,2.4475599999999997,-10.5634
MSXVEPNJUHWQHW-UHFFFAOYSA-N,CCC(C)(C)O,tert-Amyl Alcohol [2-Methylbutan-2-ol],-2.39071,-0.731133,1.32996,-1.71282,-0.8796459999999999
ZXEKIIBDNHEJCQ-UHFFFAOYSA-N,CC(C)CO,iso-Butanol [2-Methylpropan-1-ol],-3.71432,-2.35607,1.9313200000000001,-1.47421,-0.774119
DKGAVHZHDRPRBM-UHFFFAOYSA-N,CC(C)(C)O,tert-Butanol [2-Methylpropan-2-ol],-3.7446900000000003,-1.2584600000000001,1.1429200000000002,-2.3992400000000003,-1.15615
PJGSXYOJTGTZAV-UHFFFAOYSA-N,CC(=O)C(C)(C)C,"3,3-Dimethyl-2-butanone [MTBK]",0.296798,0.437413,-1.87148,-1.47586,0.24438400000000002
SYBYTAAJFKOIEJ-UHFFFAOYSA-N,CC(=O)C(C)C,"3-Methyl-2-butanone [MIPK, Methyl isopropyl ketone]",-0.8230850000000001,-0.41088900000000006,-2.49464,-1.34788,0.22587
PHTQWCKDNZKARW-UHFFFAOYSA-N,CC(C)CCO,3-Methylbutan-1-ol,-3.26716,-0.943897,2.59167,-1.21117,-0.848406
NTIZESTWPVYFNL-UHFFFAOYSA-N,CC(=O)CC(C)C,MIBK [Methyl iso-Butyl Ketone or 4-Methyl-2-pentanone],0.593996,0.332404,-1.8207200000000001,-1.2971,0.46452899999999997
QTBSBXVTEAMEQO-UHFFFAOYSA-N,CC(=O)O,Acetic Acid,-7.9189,-4.82223,4.6104,-0.48339499999999996,-0.842599
WFDIJRYMOXRFFG-UHFFFAOYSA-N,CC(=O)OC(C)=O,Acetic Anhydride,-1.54504,-0.7442880000000001,-1.6852,0.5667439999999999,2.8611
CSCPPACGZOOCGX-UHFFFAOYSA-N,CC(C)=O,Acetone,-3.0434099999999997,-1.9125900000000002,-3.56567,-1.794,0.596176
WEVYAHXRMPXWCK-UHFFFAOYSA-N,CC#N,Acetonitrile,-4.65106,-4.74864,-3.28165,-0.304043,4.2989
KWOLFJPFCHCOCG-UHFFFAOYSA-N,CC(=O)c1ccccc1,Acetophenone,1.0484,1.9786700000000002,-1.09144,4.02949,0.785961
PAYRUJLWNCNPSJ-UHFFFAOYSA-N,Nc1ccccc1,Aniline,-1.5456,-1.12968,1.48888,5.54665,-2.26104
RDOXTESZEPMUJZ-UHFFFAOYSA-N,COc1ccccc1,Anisole,3.0188,-1.3420299999999998,-0.886833,2.91594,-1.1059
UHOVQNZJYSORNB-UHFFFAOYSA-N,c1ccccc1,Benzene,3.24748,-4.798369999999999,-1.63234,1.17202,-1.55152
JFDZBHWFFUWGJE-UHFFFAOYSA-N,N#Cc1ccccc1,Benzonitrile,0.383056,-0.366777,-2.01768,4.56559,1.60245
GETTZEONDQJALK-UHFFFAOYSA-N,FC(F)(F)c1ccccc1,Benzotrifluoride,3.26364,-2.50062,-0.738734,0.416847,1.1255600000000001
WVDDGKGOMKODPV-UHFFFAOYSA-N,OCc1ccccc1,Benzyl alcohol,-2.44614,0.894494,3.6268,3.67887,-1.23662
QARVLSVVCXYDNA-UHFFFAOYSA-N,Brc1ccccc1,Bromobenzene,3.46371,-2.7635400000000003,-0.9813350000000001,4.3791199999999995,-0.458873
LRHPLDYGYMQRHN-UHFFFAOYSA-N,CCCCO,Butan-1-ol,-4.228269999999999,-1.6926700000000001,2.20752,-1.65375,-1.08503
BTANRVKWQNVYAZ-UHFFFAOYSA-N,CCC(C)O,Butan-2-ol,-3.5931900000000003,-1.7448599999999999,1.17917,-1.6923400000000002,-0.837775
ZWEHNKRNPOVVGH-UHFFFAOYSA-N,CCC(C)=O,Butanone [MEK],-1.47901,-1.1179999999999999,-3.00926,-1.40615,0.410937
KVNRLNFWIYMESJ-UHFFFAOYSA-N,CCCC#N,Butyronitrile,-1.6014899999999999,-2.07822,-1.8249400000000002,-0.863574,3.8082199999999995
QGJOPFRUJISHPQ-UHFFFAOYSA-N,S=C=S,Carbon Disulfide,2.09631,-7.05012,-3.08796,3.1396900000000003,-2.90962
MVPPADPHJFYWMZ-UHFFFAOYSA-N,Clc1ccccc1,Chlorobenzene,3.2992800000000004,-3.34009,-1.28965,3.3537800000000004,-0.371296
HEDRZPFGACZZDS-UHFFFAOYSA-N,ClC(Cl)Cl,Chloroform,0.44731400000000004,-6.55056,0.116041,0.9566110000000001,0.38464299999999996
NNBZCPXTIHJBJL-UHFFFAOYSA-N,C1CCC2CCCCC2C1,cis-Decalin,8.12087,-2.29608,1.35479,0.446118,-1.0053299999999998
XDTMQSROBMDMFD-UHFFFAOYSA-N,C1CCCCC1,Cyclohexane,5.47872,-5.68202,-0.565812,-2.1775700000000002,-0.6387229999999999
HPXRVTGHNJAIIH-UHFFFAOYSA-N,OC1CCCCC1,Cyclohexanol,-2.46101,-0.080649,1.6858,0.322257,-1.37208
JHIVVAPYMSGYDF-UHFFFAOYSA-N,O=C1CCCCC1,Cyclohexanone,-0.553952,0.6430859999999999,-2.59907,0.5978100000000001,-0.259915
SKTCDJAMAYNROS-UHFFFAOYSA-N,COC1CCCC1,CPME [Cyclopentyl Methyl Ether],1.56217,-1.2353,-1.75856,-1.7593400000000001,-1.09553
DIOQZVSQGTUSAI-UHFFFAOYSA-N,CCCCCCCCCC,Decane,9.433119999999999,-1.6408,2.77792,-2.18634,0.270926
YMWUJEATGCHHMB-UHFFFAOYSA-N,ClCCl,DCM [Dichloromethane],-0.6554,-6.54068,-1.33663,1.27833,1.99856
RTZKZFJDLAIYFH-UHFFFAOYSA-N,CCOCC,Diethyl Ether [Ether],0.7411300000000001,-2.09667,-2.27144,-3.98644,-0.8436870000000001
HPNMFZURTQLUMO-UHFFFAOYSA-N,CCNCC,Diethylamine,-0.678531,0.0716492,-2.33878,-3.4117,-3.0897900000000003
OIFBSDVPJOWBCH-UHFFFAOYSA-N,CCOC(=O)OCC,Diethyl Carbonate,1.5930000000000002,-0.540137,-0.641984,-2.3487,1.28387
MTHSVFCYNBDYFN-UHFFFAOYSA-N,OCCOCCO,Diethylene Glycol,-7.96058,2.82674,3.45365,0.601903,-0.44371700000000003
RRQYJINTUHWNHW-UHFFFAOYSA-N,CCOCCOCCOCC,Diethyleneglycol diethyl ether,0.8440190000000001,7.20545,0.165157,-2.46977,-0.429913
SBZXBUIDTXKZTM-UHFFFAOYSA-N,COCCOCCOC,Diglyme [Diethyleneglycol dimethyl ether],-0.7713270000000001,5.44963,-0.996489,-2.44881,-0.397098
NZZFYRREKKOMAT-UHFFFAOYSA-N,ICI,DiIodomethane,1.29514,-3.46526,-1.53425,8.56989,-1.40893
ZAFNJMIOTHYJRJ-UHFFFAOYSA-N,CC(C)OC(C)C,Di-isopropylether,2.44956,-0.273683,-1.01215,-3.4089400000000003,-0.903594
IAZDPXIOMUYVGZ-UHFFFAOYSA-N,CS(C)=O,DMSO [Dimethylsulfoxide],-7.158010000000001,4.00531,-3.9992,2.58802,0.563683
DURPTKYDGMDSBL-UHFFFAOYSA-N,CCCCOCCCC,Di-n-butylether,4.69166,1.20323,0.674212,-2.76048,-0.416863
POLCUAVZOMRGSN-UHFFFAOYSA-N,CCCOCCC,Di-n-propylether,2.69426,-0.662813,-0.844698,-3.21789,-0.680355
USIUVYZYUHIAEV-UHFFFAOYSA-N,c1ccc(Oc2ccccc2)cc1,Diphenyl Ether,7.94995,2.60568,2.347,6.40646,-0.5955090000000001
LFQSCWFLJHTTHZ-UHFFFAOYSA-N,CCO,Ethanol,-6.8371,-3.676,1.11638,-2.0345,-0.948893
XEKOWRVHYACXOJ-UHFFFAOYSA-N,CCOC(C)=O,Ethyl Acetate,-0.649342,-1.50367,-2.24681,-2.20261,1.0132
DLRJIFUOBPOJNS-UHFFFAOYSA-N,CCOc1ccccc1,Ethoxybenzene [phenetole],4.30035,-0.519954,-0.26524000000000003,2.68989,-0.925248
PYLWMHQQBFSUBP-UHFFFAOYSA-N,Fc1ccccc1,Fluorobenzene,2.40627,-4.13794,-1.6659700000000002,1.61796,-0.08988760000000001
ZHNUHDYFZUAESO-UHFFFAOYSA-N,NC=O,Formamide,-13.7832,-2.50553,3.6423900000000002,3.55785,0.41377700000000006
BDAGIHXWWSANSR-UHFFFAOYSA-N,O=CO,Formic Acid,-9.78236,-7.30311,5.73192,-0.06142430000000001,-0.788483
PEDCQBHIVMGVHV-UHFFFAOYSA-N,OCC(O)CO,Glycerol,-11.292,1.48289,5.82824,3.09155,-0.187772
GNOIPBMMFNIUFM-UHFFFAOYSA-N,CN(C)P(=O)(N(C)C)N(C)C,HMPA,-1.45993,9.777619999999999,-1.00489,-0.144358,-1.27009
SNHMUERNLJLMHN-UHFFFAOYSA-N,Ic1ccccc1,Iodobenzene,3.7876800000000004,-2.05131,-0.937117,5.839169999999999,-0.898518
GJRQTCIYDGXPES-UHFFFAOYSA-N,CC(=O)OCC(C)C,iso-Butyl Acetate,1.3259999999999998,0.124708,-0.885963,-2.0261299999999998,1.2386
JMMWKPVZQRWMSS-UHFFFAOYSA-N,CC(=O)OC(C)C,iso-Propyl Acetate,0.187871,-0.7808,-1.56879,-2.27746,1.01566
OKKJLVBELUTLKV-UHFFFAOYSA-N,CO,Methanol,-8.726510000000001,-5.31265,1.25112,-1.8593099999999998,-0.620266
KXKVLQRXCPHEJC-UHFFFAOYSA-N,COC(C)=O,Methyl Acetate,-1.73145,-2.54602,-2.8433,-2.06339,1.13524
YNAVUWVOSKDBBP-UHFFFAOYSA-N,C1COCCN1,Morpholine,-3.90904,2.31485,-2.69152,-0.6114390000000001,-2.2840000000000003
FXHOOIRPVKKKFG-UHFFFAOYSA-N,CC(=O)N(C)C,"DMA [N,N-Dimethylacetamide]",-4.29237,3.02392,-3.37915,0.545871,0.145789
ZMXDDKWLCZADIW-UHFFFAOYSA-N,CN(C)C=O,"DMF [N,N-Dimethylformamide]",-5.081119999999999,1.55541,-3.71763,0.752001,0.5990840000000001
DKPFZGUDAPQIHT-UHFFFAOYSA-N,CCCCOC(C)=O,n-Butyl Acetate,1.58361,0.124714,-0.800722,-1.90324,1.18449
IMNFDUFMRHMDMM-UHFFFAOYSA-N,CCCCCCC,n-Heptane,7.46235,-4.17338,1.01039,-3.17418,0.07149860000000001
VLKZOEOYAKHREP-UHFFFAOYSA-N,CCCCCC,n-Hexane,6.4397,-5.23461,0.186644,-3.6833400000000003,0.00238809
LQNUZADURLCDLV-UHFFFAOYSA-N,O=[N+]([O-])c1ccccc1,Nitrobenzene,0.852347,-0.723091,-1.52101,5.54315,2.8035
LYGJENNIWJXYER-UHFFFAOYSA-N,C[N+](=O)[O-],Nitromethane,-3.83989,-4.70756,-2.5861099999999997,1.8730200000000001,4.25859
OHLUUHNLEMFGTQ-UHFFFAOYSA-N,CNC(C)=O,N-Methylacetamide,-8.30638,1.5820299999999998,0.6458109999999999,1.0110700000000001,-0.21725799999999998
ATHHXGZTWNVVOU-UHFFFAOYSA-N,CNC=O,N-Methylformamide,-9.69134,-0.0557008,0.6794859999999999,1.61295,-0.157919
BKIMMITUMNQMOS-UHFFFAOYSA-N,CCCCCCCCC,n-Nonane,8.70082,-2.25706,2.09121,-2.2302299999999997,-0.123578
TVMXDCGIABBOFY-UHFFFAOYSA-N,CCCCCCCC,n-Octane,7.84404,-3.28431,1.4622700000000002,-2.6684799999999997,0.0377296
OFBQJSOFQDEBGM-UHFFFAOYSA-N,CCCCC,n-Pentane,5.35467,-6.00755,-0.44649300000000003,-4.01826,0.0227278
AMQJEAYHLZJPGS-UHFFFAOYSA-N,CCCCCO,Pentan-1-ol,-2.7643,-0.852872,2.81625,-1.0910799999999998,-0.869124
JYVLIDXNZAXMDK-UHFFFAOYSA-N,CCCC(C)O,Pentan-2-ol,-2.1208400000000003,-0.75189,1.81988,-1.3271600000000001,-0.562897
XNLICIUVMPYHGG-UHFFFAOYSA-N,CCCC(C)=O,Pentan-2-one,-0.879225,-0.170172,-2.3115,-1.46341,0.43173199999999995
AQIXEPGDORPWBJ-UHFFFAOYSA-N,CCC(O)CC,Pentan-3-ol,-2.01188,-1.30853,1.4764,-1.38071,-0.752789
FDPIMTJIUBPUKL-UHFFFAOYSA-N,CCC(=O)CC,Pentan-3-one,-0.49810600000000005,-0.435308,-2.16,-1.2180600000000001,0.4441
NQRYJNQNLNOLGT-UHFFFAOYSA-N,C1CCNCC1,Piperidine,-1.37124,0.7009270000000001,-2.2014400000000003,-1.1623700000000001,-3.4166
BDERNNFJNOPAEC-UHFFFAOYSA-N,CCCO,Propan-1-ol,-5.4197,-2.98999,1.68422,-1.6239299999999999,-0.968217
KFZMGEQAYNKOFK-UHFFFAOYSA-N,CC(C)O,IPA [Propan-2-ol],-5.2644400000000005,-2.31088,0.9933200000000001,-2.39862,-1.19069
XBDQKXXYIPTUBI-UHFFFAOYSA-N,CCC(=O)O,Propanoic Acid,-6.784610000000001,-3.7635300000000003,5.55202,-0.586068,-0.964241
FVSKHRXBFJPNKK-UHFFFAOYSA-N,CCC#N,Proprionitrile,-3.09698,-3.69138,-3.05049,-0.631003,3.6969300000000005
JUJWROOIHBZHMG-UHFFFAOYSA-N,c1ccncc1,Pyridine,-2.33832,-0.618091,-3.00425,1.64005,-0.6458079999999999
SMWDFEZZVXVKRB-UHFFFAOYSA-N,c1ccc2ncccc2c1,Quinoline,0.997698,2.88115,-1.02765,5.825880000000001,-1.51367
HXJUTPCZVOIRIF-UHFFFAOYSA-N,O=S1(=O)CCCC1,Sulfolane,-3.9622,2.33569,-1.90485,3.56636,3.50714
BZLVMXJERCGZMT-UHFFFAOYSA-N,COC(C)(C)C,MTBE [tert-Butylmethylether],0.922674,-1.18203,-2.01444,-2.98548,-0.762469
CYTYCFOTNPOANT-UHFFFAOYSA-N,ClC(Cl)=C(Cl)Cl,Tetrachloroethene,4.49867,-4.64387,-1.05374,1.2592299999999998,-1.60111
VZGDMQKNWNREIO-UHFFFAOYSA-N,ClC(Cl)(Cl)Cl,Tetrachloromethane [Carbon Tetrachloride],4.51663,-5.58486,-1.10445,-0.14313900000000002,-0.045966
UWHCKJMYHZGTIT-UHFFFAOYSA-N,OCCOCCOCCOCCO,Tetraethylene glycol,-1.86972,10.5113,0.644045,0.341486,1.12206
WYURNTSHIVDZCO-UHFFFAOYSA-N,C1CCOC1,THF [Tetrahydrofuran],-1.51934,-1.85536,-3.24116,-1.75699,-1.23666
CXWXQJXEFPUFDZ-UHFFFAOYSA-N,c1ccc2c(c1)CCCC2,Tetralin,6.31115,-1.16539,0.4776,2.81458,-1.74873
YXFVVABEGXRONW-UHFFFAOYSA-N,Cc1ccccc1,Toluene,4.150919999999999,-3.70436,-1.0868799999999998,0.97639,-1.4189200000000002
IMFACGCPASFAPR-UHFFFAOYSA-N,CCCCN(CCCC)CCCC,Tributylamine,9.03947,4.80875,2.88702,-2.02983,-2.92386
XSTXAVWGXDQKEL-UHFFFAOYSA-N,ClC=C(Cl)Cl,Trichloroethene,3.00563,-4.40146,-0.449743,1.31188,-0.778767
ZMANZCXQSJIPKH-UHFFFAOYSA-N,CCN(CC)CC,Triethylamine,2.84839,0.21611,-1.415,-3.48401,-3.6093
ZIBGPFATKBEMQZ-UHFFFAOYSA-N,OCCOCCOCCO,Triethylene Glycol,-4.18826,6.54135,0.427493,0.629685,0.986734
YFNKIDBQEZZDLK-UHFFFAOYSA-N,COCCOCCOCCOC,Triglyme [Triethyleneglycol dimethyl ether],-0.755174,9.924380000000001,0.053861,-2.46073,-0.138356
XLYOFNOQVPJJNP-UHFFFAOYSA-N,O,Water,-17.1145,-8.80606,5.56077,0.126051,0.604298
JLTDJTHDQAWBAV-UHFFFAOYSA-N,CN(C)c1ccccc1,"N,N-Dimethylaniline",3.7384199999999996,-0.300555,-0.976462,4.21466,-2.21541
UAEPNZWRGJTJPN-UHFFFAOYSA-N,CC1CCCCC1,Methylcyclohexane,5.915080000000001,-4.51144,0.00220696,-1.81105,-0.9953209999999999
GUVUOGQBMYCBQP-UHFFFAOYSA-N,CN1CCCN(C)C1=O,"DMPU [1,3-dimethyltetrahydropyrimidin-2(1H)-one]",-2.43265,4.88751,-2.09733,1.46339,-1.0033
CYSGHNMQYZDMIA-UHFFFAOYSA-N,CN1CCN(C)C1=O,"DMI [1,3-dimethylimidazolidin-2-one]",-2.2826400000000002,3.8017,-2.0342,1.2542799999999998,-0.36591799999999997
ZFPGARUNNKGOBB-UHFFFAOYSA-N,CCN1CCCC1=O,NEP [1-Ethylpyrrolidin-2-one],-3.57425,3.2031099999999997,-2.75034,-1.02615,-0.327646
HVZJRWJGKQPSFL-UHFFFAOYSA-N,CCC(C)(C)OC,TAME [tert-amyl methyl ether],2.63178,-1.0157399999999999,-1.22264,-2.52185,-0.976246
WNXJIVFYUVYPPR-UHFFFAOYSA-N,C1COCO1,"1,3-Dioxolane",-2.90482,-2.5993,-2.99917,-1.09752,-0.102012
LZCLXQDLBQLTDK-UHFFFAOYSA-N,CCOC(=O)C(C)O,Ethyl Lactate,-1.7406,0.8075,-0.364763,-0.350021,1.8247099999999998
LEEANUDEDHYDTG-UHFFFAOYSA-N,COCC(C)OC,"1,2-Dimethoxypropane",-0.9126120000000001,1.09046,-2.00441,-2.44695,-0.53803
ARXJGSRGQADJSQ-UHFFFAOYSA-N,COCC(C)O,1-Methoxypropan-2-ol,-2.86796,0.209277,-1.13539,-1.44295,0.185015
RUOJZAUFBMNUDX-UHFFFAOYSA-N,CC1COC(=O)O1,"Propylene Carbonate [4-Methyl-1,3-dioxolan-2-one]",-3.5635199999999996,-0.739374,-2.16803,2.34958,4.65793
IEJIGPNLZYLLBP-UHFFFAOYSA-N,COC(=O)OC,Dimethyl Carbonate,-0.567427,-2.58546,-1.60665,-2.29901,1.54198
MEJYDZQQVZJMPP-ULAWRXDQSA-N,CO[C@H]1CO[C@@H]2[C@H](OC)CO[C@H]12,DMI [Dimethyl isosorbide],-1.02462,7.196789999999999,0.037123699999999996,1.02998,0.753456
AHJWSRRHTXRLAQ-UHFFFAOYSA-N,COC(OC)(OC)OC,Tetramethoxymethane,1.2115799999999999,0.44983999999999996,-0.793437,-2.73512,0.336434
RHQDFWAXVIIEBN-UHFFFAOYSA-N,OCC(F)(F)F,"2,2,2-Trifluoroethanol",-6.721889999999999,-6.738630000000001,5.7611300000000005,0.9045049999999999,0.809133
HJOVHMDZYOCNQW-UHFFFAOYSA-N,CC1=CC(=O)CC(C)(C)C1,"3,5,5-Trimethylcyclohex-2-enone [Isophorone]",0.23767,4.80323,-1.20272,1.43987,0.162161
LFSAPCRASZRSKS-UHFFFAOYSA-N,CC1CCCCC1=O,2-Methylcyclohexanone,0.496093,1.06345,-1.7577599999999998,0.0507666,-0.592298
SVONRAPFKPVNKG-UHFFFAOYSA-N,CCOCCOC(C)=O,2-Ethoxyethyl Acetate,-0.0392702,2.86111,-0.639804,-1.252,1.1517600000000001
XYIBRDXRRQCHLP-UHFFFAOYSA-N,CCOC(=O)CC(C)=O,"Ethyl 3-oxobutanoate [Ethyl acetoacetate, EAA]",-0.748251,2.35542,-0.696179,0.284149,1.88884
BSKHPKMHTQYZBB-UHFFFAOYSA-N,Cc1ccccn1,2-Methylpyridine [2-Picoline],-0.565146,0.672246,-1.9662099999999998,1.2214399999999999,-1.1745700000000001
OISVCGZHLKNMSJ-UHFFFAOYSA-N,Cc1cccc(C)n1,"2,6-Dimethylpyridine [2,6-Lutidine]",0.6286010000000001,1.89399,-1.38012,0.88065,-1.4884700000000002
GSEJCLTVZPLZKY-UHFFFAOYSA-N,OCCN(CCO)CCO,Triethanolamine,-7.53647,8.015360000000001,5.12255,1.66281,-2.40286
IMLSAISZLJGWPP-UHFFFAOYSA-N,C1CSCS1,"1,3-Dithiolane",1.9646299999999999,-1.62147,-1.88487,5.26654,-1.18131
BDUPRNVPXOHWIL-UHFFFAOYSA-N,COS(=O)OC,Dimethyl Sulfite,-0.838404,-1.73469,-2.1600200000000003,0.3466,1.7674
WDXYVJKNSMILOQ-UHFFFAOYSA-N,O=S1OCCO1,"1,3,2-Dioxathiolane-2-oxide",-1.29881,-2.5432,-1.95029,2.94897,2.7448200000000003
ZQBFAOFFOQMSGJ-UHFFFAOYSA-N,Fc1c(F)c(F)c(F)c(F)c1F,Perfluorobenzene,5.31479,-4.04518,0.133389,-0.9099379999999999,0.051870299999999994
USPWUOFNOTUBAD-UHFFFAOYSA-N,Fc1c(F)c(F)c(C(F)(F)F)c(F)c1F,"1,2,3,4,5-Pentafluoro-6-(trifluoromethyl)benzene [Perfluorotoluene]",6.29549,-2.9736599999999997,0.992833,-0.41750200000000004,1.16316
UWEYRJFJVCLAGH-UHFFFAOYSA-N,FC1(F)C(F)(F)C(F)(F)C2(F)C(F)(F)C(F)(F)C(F)(F)C(F)(F)C2(F)C1(F)F,Perfluorodecalin,10.9205,-1.87484,3.86093,-4.37456,2.3102099999999997
HFPZCAJZSCWRBC-UHFFFAOYSA-N,Cc1ccc(C(C)C)cc1,p-Cymene,7.230360000000001,-0.931718,1.12616,1.3351,-1.68546
ZPQOPVIELGIULI-UHFFFAOYSA-N,Clc1cccc(Cl)c1,"1,3-Dichlorobenzene",4.745419999999999,-1.67792,0.091056,4.43084,-0.0737213
ISXOBTBCNRIIQO-UHFFFAOYSA-N,O=S1CCCC1,Tetrahydrothiophene 1-oxide,-5.21401,4.90404,-2.97795,2.4327400000000003,-0.530404
DTQVDTLACAAQTR-UHFFFAOYSA-N,O=C(O)C(F)(F)F,"2,2,2-Trifluoroacetic Acid [TFA]",-9.7908,-7.7192,11.2503,-0.606578,-0.757968
QAEDZJGFFMLHHQ-UHFFFAOYSA-N,O=C(OC(=O)C(F)(F)F)C(F)(F)F,"2,2,2-trifluoroacetic Anhydride [TFAA]",3.62775,-4.25855,1.7561799999999999,-1.59535,5.66695
BYEAHWXPCBROCE-UHFFFAOYSA-N,OC(C(F)(F)F)C(F)(F)F,"1,1,1,3,3,3-Hexafluoropropan-2-ol",-7.26762,-8.20768,11.9645,-1.99806,-0.023481000000000002
ZWXPDGCFMMFNRW-UHFFFAOYSA-N,CN1CCCCCC1=O,1-Methylazepan-2-one [N-Methylcaprolactam],-2.14404,4.21566,-2.4185,0.486245,-0.358426
IYIAWAACGTUPCC-UHFFFAOYSA-N,CCN(CC)S(=O)(=O)N(CC)CC,Tetraethylsulfamide [TES],5.32758,4.98738,1.36201,0.803137,0.624822
YRWJRJCUZYGLPN-UHFFFAOYSA-N,CN(C)P(C)(=O)N(C)C,Pentamethyl Phosphonic Diamide,-3.3641099999999997,7.79931,-1.93648,-0.679509,-1.1798899999999999
HEWZVZIVELJPQZ-UHFFFAOYSA-N,COC(C)(C)OC,"2,2-Dimethoxypropane",0.869318,-0.41397,-1.53377,-3.06077,-0.508318
RNVYQYLELCKWAN-UHFFFAOYSA-N,CC1(C)OCC(CO)O1,"(2,2-Dimethyl-1,3-dioxolan-4-yl)methanol",-3.37704,2.79453,2.00933,0.16007000000000002,-0.215957
XMGQYMWWDOXHJM-UHFFFAOYSA-N,C=C(C)C1CC=C(C)CC1,1-Methyl-4-(prop-1-en-2-yl)cyclohex-1-ene [D-Limonene],7.08493,-0.6446529999999999,0.563942,1.2287700000000001,-1.57243
GAEKPEKOJKCEMS-UHFFFAOYSA-N,CC1CCC(=O)O1,5-Methyldihydrofuran-2(3H)-one [gamma-valerolactone],-2.07999,0.986893,-2.05341,1.05551,2.226
GQHTUMJGOHRCHB-UHFFFAOYSA-N,C1CCC2=NCCCN2CC1,"1,8-Diazabicycloundec-7-ene [DBU]",-1.04243,8.08654,-1.61077,0.424958,-3.57208
JGFZNNIVVJXRND-UHFFFAOYSA-N,CCN(C(C)C)C(C)C,"N-Ethyl-N-isopropylpropan-2-amine [Diispropylethylamine, Hunig's Base]",4.89075,1.16705,-0.455425,-1.07769,-3.28526
KFUSEUYYWQURPO-OWOJBTEDSA-N,Cl/C=C/Cl,"(E)-1,2-Dichloroethene",0.49196899999999993,-5.33024,-1.52464,1.8540299999999998,0.44017399999999995
KFUSEUYYWQURPO-UPHRSURJSA-N,Cl/C=C\Cl,"(Z)-1,2-Dichloroethene",2.03275,-5.64124,-0.768073,0.930582,-0.6652939999999999
ZNQVEEAIQZEUHB-UHFFFAOYSA-N,CCOCCO,2-Ethoxyethanol,-3.35696,0.0741294,0.0462025,-1.21974,0.013533199999999999
QQZOPKMRPOGIEB-UHFFFAOYSA-N,CCCCC(C)=O,"Hexan-2-one [Methylbutylketone, MBK]",0.07681339999999999,0.775803,-1.57643,-1.18064,0.506916
TZIHFWKZFHZASV-UHFFFAOYSA-N,COC=O,Methyl Formate,-2.7394,-4.36315,-2.99058,-2.02339,2.15273
WBJINCZRORDGAQ-UHFFFAOYSA-N,CCOC=O,Ethyl Formate,-1.62046,-3.06415,-2.54326,-2.0400400000000003,1.91163
KFNNIILCVOLYIR-UHFFFAOYSA-N,CCCOC=O,Propyl Formate,-0.666575,-2.2349900000000003,-1.84201,-1.81675,1.8354
NMJJFJNHVMGPGM-UHFFFAOYSA-N,CCCCOC=O,Butyl Formate,0.414017,-1.249,-1.19832,-1.51051,1.88263
UDSFAEKRVUSQDD-UHFFFAOYSA-N,COC(=O)CCCCC(=O)OC,Dimethyl Adipate,0.982668,4.73123,0.44393699999999997,-0.45312399999999997,2.08847
MLFHJEHSLIIPHL-UHFFFAOYSA-N,CC(=O)OCCC(C)C,Isopentyl Acetate [Isoamyl acetate],2.31147,0.919083,-0.157217,-1.58837,1.30269
AOGQPLXWSUTHQB-UHFFFAOYSA-N,CCCCCCOC(C)=O,Hexyl Acetate,3.3102099999999997,1.96907,0.550602,-1.38165,1.3837899999999999
JTXMVXSTHSMVQF-UHFFFAOYSA-N,CC(=O)OCCOC(C)=O,"Ethane-1,2-diyl diacetate [Ethylene glycol diacetate]",-0.216736,3.4047300000000003,-0.07661339999999998,0.349723,2.5204400000000002
YEJRWHAVMIAJKC-UHFFFAOYSA-N,O=C1CCCO1,Dihydrofuran-2(3H)-one [Butyrolactone],-3.9493400000000003,-0.43102399999999996,-2.89993,1.62084,2.4514299999999998
PYOKUURKVVELLB-UHFFFAOYSA-N,COC(OC)OC,Trimethoxymethane [Trimethyl orthoformate],-1.0205799999999998,0.21178000000000002,-1.82886,-2.1354900000000003,0.8814350000000001
GKASDNZWUGIAMG-UHFFFAOYSA-N,CCOC(OCC)OCC,Triethoxymethane [Triethyl orthoformate],1.6268200000000002,2.94909,0.00291251,-2.29583,0.776792
SIJBDWPVNAYVGY-UHFFFAOYSA-N,CC1(C)OCCO1,"2,2-Dimethyl-1,3-dioxolane",-0.6381819999999999,-0.39803299999999997,-2.00906,-1.81581,-0.357442
YRKCREAYFQTBPV-UHFFFAOYSA-N,CC(=O)CC(C)=O,"Pentane-2,4-dione [Acetylacetone]",-1.65035,1.20012,-1.84785,1.25239,1.03791
IIEWJVIFRVWJOD-UHFFFAOYSA-N,CCC1CCCCC1,Ethylcyclohexane,6.22973,-3.42371,0.358116,-1.3513899999999999,-0.8814649999999999
AILKHAQXUAOOFU-UHFFFAOYSA-N,CCCCCC#N,Hexanenitrile,0.64183,-0.8279489999999999,-0.8633120000000001,-0.339888,3.1063400000000003
PGMYKACGEOXYJE-UHFFFAOYSA-N,CCCCCOC(C)=O,n-Pentyl Acetate,2.41815,1.04865,-0.11109100000000001,-1.6732599999999997,1.35817
RJUFJBKOKNCXHH-UHFFFAOYSA-N,CCC(=O)OC,Methyl Propionate,-0.740185,-1.8378299999999999,-1.9521,-2.04831,1.17614
UUIQMZJEGPQKFD-UHFFFAOYSA-N,CCCC(=O)OC,Methyl Butyrate,0.635703,-0.9785219999999999,-1.23137,-1.90409,1.16351
WSGCRAOTEDLMFQ-UHFFFAOYSA-N,CCCCC(=O)CCCC,5-Nonanone,3.7938199999999997,2.87354,0.484912,-0.5699890000000001,0.817048
PQNFLJBBNBOBRQ-UHFFFAOYSA-N,c1ccc2c(c1)CCC2,Indane,4.90998,-2.3279099999999997,-0.43932200000000005,2.8143,-1.8625099999999999
CZPWVGJYEJSRLH-UHFFFAOYSA-N,c1cncnc1,Pyrimidine,-3.2215700000000003,0.787724,-2.91804,1.9556900000000002,0.0193262
PBMFSQRYOILNGV-UHFFFAOYSA-N,c1ccnnc1,Pyridazine,-4.46695,2.3979,-2.69637,3.9672,0.26045100000000004
RGSFGYAAUTVSQA-UHFFFAOYSA-N,C1CCCC1,Cyclopentane,3.5938199999999996,-6.52093,-0.976066,-2.51651,-0.43602299999999994
ZWRUINPWMLAQRD-UHFFFAOYSA-N,CCCCCCCCCO,1-Nonanol,2.0427,2.6270599999999997,5.52872,-0.425519,-0.637282
WEHWNAOGRSTTBQ-UHFFFAOYSA-N,CCCNCCC,Dipropylamine,1.4933299999999998,1.86028,-0.913092,-2.88531,-2.6324099999999997
RWRDLPDLKQPQOW-UHFFFAOYSA-N,C1CCNC1,Pyrrolidine,-2.9359599999999997,0.0810868,-3.08506,-1.34199,-2.92342
SWXVUIWOUIDPGS-UHFFFAOYSA-N,CC(=O)CC(C)(C)O,4-Hydroxy-4-methylpentan-2-one,-2.50863,2.9864599999999997,-1.3247799999999998,-0.11068299999999999,1.04734
BGTOWKSIORTVQH-UHFFFAOYSA-N,O=C1CCCC1,Cyclopentanone,-1.5719,-0.379222,-2.98984,0.3005,0.010334399999999999
SESFRYSPDFLNCH-UHFFFAOYSA-N,O=C(OCc1ccccc1)c1ccccc1,Benzyl Benzoate,7.9342,5.18385,3.82671,5.52021,1.3553
JQVDAXLFBXTEQA-UHFFFAOYSA-N,CCCCNCCCC,Dibutylamine,2.78726,3.55864,0.532734,-2.1968400000000003,-2.25272
BBMCTIGTTCKYKF-UHFFFAOYSA-N,CCCCCCCO,1-Heptanol,-0.5336890000000001,0.91061,4.09596,-0.810862,-0.774663
BTGRAWJCKBQKAO-UHFFFAOYSA-N,N#CCCCCC#N,Hexanedinitrile,-1.80193,2.02169,0.527922,2.07302,4.6739
ZSIAUFGUXNUGDI-UHFFFAOYSA-N,CCCCCCO,1-Hexanol,-1.71547,0.06338189999999999,3.4201099999999998,-0.9794579999999999,-0.868482
DPBLXKKOBLCELK-UHFFFAOYSA-N,CCCCCN,n-Pentylamine,-1.64448,1.97658,-1.09956,-2.3867700000000003,-1.9903400000000002
YTPLMLYBLZKORZ-UHFFFAOYSA-N,c1ccsc1,Thiophene,1.97354,-4.43191,-1.7369900000000003,2.78925,-1.51483
RAOIDOHSFRTOEL-UHFFFAOYSA-N,C1CCSC1,Tetrahydrothiophene,0.9779909999999999,-2.72708,-2.69631,2.30842,-1.8314700000000002
YLQBMQCUIZJEEH-UHFFFAOYSA-N,c1ccoc1,Furan,1.42377,-5.1883099999999995,-2.06609,0.40870500000000004,-1.10063
KAESVJOAVNADME-UHFFFAOYSA-N,c1cc[nH]c1,Pyrrole,-3.5019699999999996,-4.3225,2.46632,3.29681,-2.47776
HQABUPZFAYXKJW-UHFFFAOYSA-N,CCCCN,1-Butylamine,-2.53329,1.25937,-1.86475,-2.90118,-2.33359
YKYONYBAUNKHLG-UHFFFAOYSA-N,CCCOC(C)=O,n-Propyl acetate,0.37083499999999997,-0.61374,-1.46604,-2.0199700000000003,1.20246
PAFZNILMFXTMIY-UHFFFAOYSA-N,NC1CCCCC1,Cyclohexylamine,-0.864705,2.08926,-1.59741,-1.49475,-2.44565
UAOMVDZJSHZZME-UHFFFAOYSA-N,CC(C)NC(C)C,Diisopropylamine,1.73737,1.1391799999999999,-1.37056,-2.87883,-2.66141
JSZOAYXJRCEYSX-UHFFFAOYSA-N,CCC[N+](=O)[O-],1-Nitropropane,-0.638764,-2.6528099999999997,-1.96557,0.844981,3.29501
FERIUCNNQQJTOY-UHFFFAOYSA-N,CCCC(=O)O,Butyric acid,-4.91685,-2.7986,5.74195,-0.763212,-1.14215
WGYKZJWCGVVSQN-UHFFFAOYSA-N,CCCN,n-Propylamine,-3.3769,0.0468865,-2.43398,-2.9769099999999997,-2.35763
FKRCODPIKNYEAC-UHFFFAOYSA-N,CCOC(=O)CC,Ethyl propionate,0.538726,-0.939867,-1.4833399999999999,-2.28471,1.03072
OBNCKNCVKJNDBV-UHFFFAOYSA-N,CCCC(=O)OCC,Ethyl butyrate,1.55145,-0.243731,-0.823583,-1.9933299999999998,1.0978
OCKPCBLVNKHBMX-UHFFFAOYSA-N,CCCCc1ccccc1,Butylbenzene,7.00782,-0.798998,0.9996649999999999,1.9259400000000002,-1.08044
AFBPFSWMIHJQDM-UHFFFAOYSA-N,CNc1ccccc1,N-Methylaniline,1.63624,-0.955885,0.7006399999999999,5.378340000000001,-2.3494900000000003
OJGMBLNIHDZDGS-UHFFFAOYSA-N,CCNc1ccccc1,N-Ethylaniline,3.12205,-0.191582,0.973793,4.9478800000000005,-2.22555
WGQKYBSKWIADBV-UHFFFAOYSA-N,NCc1ccccc1,Benzylamine,-1.06821,2.7980400000000003,-0.731378,2.89571,-1.8098400000000001
YNQLUTRBYVCPMQ-UHFFFAOYSA-N,CCc1ccccc1,Ethylbenzene,5.02577,-2.98897,-0.395021,1.19302,-1.4861
RWGFKTVRMDUZSP-UHFFFAOYSA-N,CC(C)c1ccccc1,Isopropylbenzene,6.16732,-1.81424,0.487259,1.34341,-1.28758
HYBBIBNJHNGZAN-UHFFFAOYSA-N,O=Cc1ccco1,Furfural,-2.31872,0.0679379,-1.7753400000000001,4.70834,1.0882100000000001
GDOPTJXRTPNYNR-UHFFFAOYSA-N,CC1CCCC1,Methylcyclopentane,4.40048,-5.39104,-0.45836000000000005,-2.2381599999999997,-0.20983200000000002
QPJVMBTYPHYUOC-UHFFFAOYSA-N,COC(=O)c1ccccc1,Methyl benzoate,2.9653400000000003,1.54701,-0.09378600000000001,3.36085,0.582095
FGLBSLMDCBOPQK-UHFFFAOYSA-N,CC(C)[N+](=O)[O-],2-Nitropropane,-0.608593,-2.8658200000000003,-1.9947700000000002,0.46377299999999994,2.8923200000000002
QPFMBZIOSGYJDE-UHFFFAOYSA-N,ClC(Cl)C(Cl)Cl,"1,1,2,2-Tetrachloroethane",1.24996,-3.99565,2.62537,3.27509,0.920927
KQNPFQTWMSNSAP-UHFFFAOYSA-N,CC(C)C(=O)O,Isobutyric acid,-5.520519999999999,-2.82788,6.23079,-1.0606,-1.43987
MCSAJNNLRCFZED-UHFFFAOYSA-N,CC[N+](=O)[O-],Nitroethane,-2.14468,-3.62892,-2.68811,1.23438,3.6315699999999995
UBOXGVDOUJQMTN-UHFFFAOYSA-N,ClCC(Cl)Cl,"1,1,2-Trichloroethane",1.0054100000000001,-3.95074,0.821477,2.90385,2.20218
KDSNLYIMUZNERS-UHFFFAOYSA-N,CC(C)CN,2-Methyl-1-propanamine [Isobutylamine],-2.57898,0.866665,-2.17958,-2.79232,-2.0124
BNIXVQGCZULYKV-UHFFFAOYSA-N,ClC(Cl)C(Cl)(Cl)Cl,Pentachloroethane,3.2415,-3.4936,2.23427,2.3773299999999997,0.485803
YBRBMKDOPFTVDT-UHFFFAOYSA-N,CC(C)(C)N,2-Amino-2-methylpropane [tert-Butylamine],-2.57619,1.22966,-2.56097,-3.5688199999999997,-2.3786400000000003
JJWLVOIRVHMVIS-UHFFFAOYSA-N,CC(C)N,Isopropylamine,-3.9771099999999997,0.357103,-2.88464,-3.6162699999999997,-2.26472
DNIAPMSPPWPWGF-UHFFFAOYSA-N,CC(O)CO,Propylene Glycol,-8.827010000000001,-0.147285,3.8777,0.751989,-0.726892
DHXVGJBLRPWPCS-UHFFFAOYSA-N,C1CCOCC1,Tetrahydropyran,-0.12567,-1.52095,-2.62929,-1.7247400000000002,-1.15191
MLHOXUWWKVQEJB-UHFFFAOYSA-N,CC(=O)OCC(C)OC(C)=O,"1,2-Diacetoxypropane",0.930551,3.81141,0.543572,-0.460096,2.31403
OQUIHNRSFOIOFU-UHFFFAOYSA-N,COCC(C)OCC(C)OC,2-Methoxy-1-[(1-methoxy-2-propanyl)oxy]propane [Propylene Glycol Dimethyl Ether],1.26165,4.99314,-0.038044999999999995,-1.62979,-0.417405
WHIRALQRTSITMI-UJURSFKZSA-N,O=C1CC[C@H]2CO[C@@H]1O2,Dihydrolevoglucosenone (Cyrene),-14.1574,15.4967,-3.0099,4.36439,2.3627
GQHWSLKNULCZGI-UHFFFAOYSA-N,FC(F)(F)Oc1ccccc1,(Trifluoromethoxy)benzene [Trifluoromethylphenyl ether],5.24751,-2.66385,0.33605300000000005,0.731527,0.321168
SJRJJKPEHAURKC-UHFFFAOYSA-N,CN1CCOCC1,N-methylmorpholine [NNM],-1.17593,1.35871,-2.56019,-1.1066200000000002,-2.0975
OSINZLLLLCUKJH-UHFFFAOYSA-N,CC1CCC(CO)CC1,4-Methylcyclohexanemethanol [MCHM],-0.759562,0.509233,3.6884,-0.34178200000000003,-1.0453299999999999
UQEAIHBTYFGYIE-UHFFFAOYSA-N,C[Si](C)(C)O[Si](C)(C)C,Hexamethyldisiloxane [M2],8.22926,-0.06928010000000001,1.6920400000000002,-1.4818799999999999,-0.018951
CXQXSVUQTKDNFP-UHFFFAOYSA-N,C[Si](C)(C)O[Si](C)(C)O[Si](C)(C)C,Octamethyltrisiloxane [MDM],11.0181,2.66874,4.05506,-0.9472209999999999,0.305732
YFCGDEUVHLPRCZ-UHFFFAOYSA-N,C[Si](C)(C)O[Si](C)(C)O[Si](C)(C)O[Si](C)(C)C,Decamethyltetrasiloxane [MD2M],14.593,5.71566,6.6462,-0.567117,0.9528209999999999
HMMGMWAXVFQUOA-UHFFFAOYSA-N,C[Si]1(C)O[Si](C)(C)O[Si](C)(C)O[Si](C)(C)O1,Octamethylcyclotetrasiloxane [D4],12.1781,5.31867,5.12363,-0.402146,1.0086700000000002
XMSXQFUHVRWGNA-UHFFFAOYSA-N,C[Si]1(C)O[Si](C)(C)O[Si](C)(C)O[Si](C)(C)O[Si](C)(C)O1,Decamethylcyclopentasiloxane [D5],15.681,8.59344,7.9334,0.83998,2.07318
OAYXUHPQHDHDDZ-UHFFFAOYSA-N,CCCCOCCOCCO,Butyl Carbitol [2-[2-(Butyloxy)ethoxy]ethanol],-0.7431989999999999,3.67786,3.1728,-4.10058,5.58374
GZMAAYIALGURDQ-UHFFFAOYSA-N,CCCCCCOCCOCCO,Hexyl Carbitol [2-[2-(Hexyloxy)ethoxy]ethanol],1.51749,7.50988,3.2897300000000005,-0.49155,1.0422200000000001
SBASXUCJHJRPEV-UHFFFAOYSA-N,COCCOCCO,Methyl Carbitol [2-[2-(Methoxy)ethoxy]ethanol],-2.86983,3.66759,-0.06604589999999999,-1.06358,-0.43120699999999995
XXJWXESWEXIICW-UHFFFAOYSA-N,CCOCCOCCO,Carbitol [2-(2-ethoxyethoxy)ethanol],-2.04393,4.57115,0.40026799999999996,-1.17734,-0.195925
VXQBJTKSVGFQOL-UHFFFAOYSA-N,CCCCOCCOCCOC(C)=O,Butyl Carbitol Acetate [2-(2-Butoxyethoxy)ethyl acetate],3.6389199999999997,7.718939999999999,2.21787,-0.41551499999999997,1.74205
YEYKMVJDLWJFOA-UHFFFAOYSA-N,CCCOCCO,Propyl Cellosolve [2-Propoxyethanol],-2.62005,0.8701059999999999,0.49248400000000003,-1.29295,-0.0183773
NQBXSWAWVZHKBZ-UHFFFAOYSA-N,CCCCOCCOC(C)=O,Butyl Cellosolve Acetate,2.3752400000000002,4.24022,0.7754,-0.908827,1.39509
POAOYUHQDCAZBD-UHFFFAOYSA-N,CCCCOCCO,Butyl Cellosolve [Ethylene glycol monobutyl ether],-1.24016,1.79808,1.22264,-1.07427,0.209733
WEZPLQKRXDBPEP-UHFFFAOYSA-N,CCCOCC(C)OCC(C)O,DPnP Glycol Ether [1-(1-propoxypropan-2-yloxy)propan-2-ol],1.13119,6.822769999999999,0.803624,-1.6561,0.398027
QCDWFXQBSFUVSP-UHFFFAOYSA-N,OCCOc1ccccc1,EPh Glycol Ether [2-phenoxyethanol],-1.4213200000000001,2.28022,3.93606,4.14949,-1.05192
LLHKCFNBLRBOGN-UHFFFAOYSA-N,COCC(C)OC(C)=O,PMA Glycol Ether [1-methoxy-2-propanol acetate],-0.669863,1.83572,-1.8538700000000001,4.5685400000000005,0.434328
RWNUSVWFHDHRCJ-UHFFFAOYSA-N,CCCCOCC(C)O,PnB Glycol Ether [3-Butoxypropan-2-ol],0.9789979999999999,2.3322599999999998,0.14015,-1.38571,0.452169
FENFUOGYJVOCRY-UHFFFAOYSA-N,CCCOCC(C)O,PnP Glycol Ether [1-Propoxy-2-propanol],-0.48313999999999996,1.5982100000000001,-0.21765,-1.38936,0.20621599999999998
IBLKWZIFZMJLFL-UHFFFAOYSA-N,CC(O)COc1ccccc1,PPh Glycol Ether [Propylene glycol phenyl ether],0.267422,2.80977,3.3562800000000004,4.0458,-0.798908
HPFDGTFXAVIVTH-UHFFFAOYSA-N,COCC(C)OCC(C)OCC(C)O,TPM Glycol Ether [Tripropylene glycol methyl ether],1.57178,9.426680000000001,1.45753,-0.9084629999999999,0.824127
LORVPHHKJFSORQ-UHFFFAOYSA-N,CCCCOCC(C)OCC(C)OCC(C)O,TPnB Glycol Ether [Tripropylene glycol n-butyl ether],4.77199,10.9534,3.7886,-0.925717,1.20125
WGYZMNBUZFHYRX-UHFFFAOYSA-N,COCC(C)OCC(C)O,DPM Glycol Ether [Dipropylene glycol methyl ether],-0.725119,5.010330000000001,-0.563842,-1.54975,0.326459
LAVARTIQQDZFNT-UHFFFAOYSA-N,COCC(C)OCC(C)OC(C)=O,DPMA Glycol Ether [Dipropylene glycol methyl ether acetate],3.09955,5.81533,1.21997,-0.913607,0.771386
CUVLMZNMSPJDON-UHFFFAOYSA-N,CCCCOCC(C)OCC(C)O,DPnB Glycol Ether [Dipropylene glycol n-butyl ether],2.40804,7.4026,1.6370799999999999,-1.40445,0.605032
YIWUKEYIRIRTPP-UHFFFAOYSA-N,CCCCC(CC)CO,2-Ethylhexanol,0.993743,1.28492,4.38946,-0.582807,-0.597953
QPRQEDXDYOZYLA-UHFFFAOYSA-N,CCC(C)CO,2-Methyl Butanol,-1.99901,-1.19087,2.53451,-1.6474,-1.3244
WVYWICLMDOOCFB-UHFFFAOYSA-N,CC(C)CC(C)O,Methyl Isobutyl Carbinol,-1.32958,-0.0646447,2.4321900000000003,-1.24635,-0.37168
MCSINKKTEDDPNK-UHFFFAOYSA-N,CCCOC(=O)CC,n-Propyl Propionate,4.5603,4.05439,1.8311,-0.679045,0.6568229999999999
BHXIWUJLHYHGSJ-UHFFFAOYSA-N,CCOCCC(=O)OCC,Ethyl 3-Ethoxypropionate,1.9789700000000001,-0.0824705,0.203245,-2.74958,1.68665
DAFHKNAQFPVRKR-UHFFFAOYSA-N,CC(C)C(=O)OCC(C)(C)C(O)C(C)C,"2,2,4-Trimethyl-1,3-pentanediol 1-isobutyrate",1.55829,3.6239800000000004,0.502074,-0.183229,1.15012
TWSRVQVEYJNFKQ-UHFFFAOYSA-N,CCCCCOC(=O)CC,n-Pentyl Propionate,3.4377199999999997,1.3066799999999998,0.498072,-1.6973200000000002,1.15883
COBPKKZHLDDMTB-UHFFFAOYSA-N,CCCCOCCOCCOCCO,"Butoxytriglycol [3,6,9-Trioxatridecan-1-ol]",-0.397931,10.5469,3.2471400000000004,-1.5421799999999999,1.67661
URAYPUMNDPQOKB-UHFFFAOYSA-N,CC(=O)OCC(COC(C)=O)OC(C)=O,"Triacetin [1,2,3-triacetoxypropane]",0.478516,8.27183,1.9644700000000002,1.5273,4.03999
